job_id,scope,execution_state,recorded_calls,input_tokens,output_tokens,estimated_cost_usd,archived_only_calls
JOB.PROJECT.AXI_LITE_SRAM.REVIEWER.R1,standalone_test,,0,0,0,0,0
JOB.PROJECT.AXI_LITE_SRAM.REVIEWER.R2,standalone_test,,0,0,0,0,0
JOB.PROJECT.AXI_LITE_SRAM.REVIEWER.R3,standalone_test,,5,375907,30444,1.117142,0
JOB.PROJECT.AXI_LITE_SRAM.REVIEWER.R4,standalone_test,,2,145793,13972,0.459250,0
JOB.PROJECT.AXI_LITE_SRAM.SPEC_AUTH.R1,project,,8,178322,15822,0.849952,0
JOB.PROJECT.AXI_LITE_SRAM.SPEC_AUTH.R17,project,,1,11862,6062,0.168688,0
JOB.PROJECT.AXI_LITE_SRAM.SPEC_AUTH.R18,project,,7,281313,51995,2.165152,0
JOB.PROJECT.AXI_LITE_SRAM.SPEC_AUTH.R19,project,,3,73750,18196,0.658920,0
JOB.PROJECT.AXI_LITE_SRAM.SPEC_AUTH.R2,project,,16,320759,33376,1.231358,0
JOB.PROJECT.AXI_LITE_SRAM.SPEC_AUTH.R20,project,,4,143522,22874,1.031568,0
JOB.PROJECT.AXI_LITE_SRAM.SPEC_AUTH.R3,project,,18,551273,45040,2.521510,0
JOB.PROJECT.AXI_LITE_SRAM.SPEC_AUTH.R4,project,,7,92308,10519,0.310844,0
JOB.PROJECT.AXI_LITE_SRAM.SPEC_AUTH.R5,project,,4,103559,15857,0.530018,0
JOB.PROJECT.AXI_LITE_SRAM.SPEC_AUTH.R6,project,,10,219590,24454,1.080096,0
JOB.PROJECT.AXI_LITE_SRAM.SPEC_AUTH.REF003,project,,14,286201,22702,1.246428,0
JOB.PROJECT.CORAL_NPU.SPEC_AUTH.R001,project,,1,14526,3303,0.068688,0
JOB.PROJECT.CORAL_NPU.SPEC_AUTH.R002,project,,6,174523,23003,0.625082,0
JOB.PROJECT.CORAL_NPU.SPEC_AUTH.R003,project,,4,111686,13952,0.390796,0
JOB.PROJECT.CORAL_NPU.SPEC_AUTH.R004,project,,8,326163,28428,1.177214,0
JOB.PROJECT.CORAL_NPU.SPEC_AUTH.R005,project,,5,199931,24595,0.695002,0
JOB.PROJECT.CORAL_NPU.SPEC_AUTH.R006,project,,18,1054301,62551,4.300478,2
JOB.PROJECT.CORAL_NPU.SPEC_AUTH.R007,project,EXECUTION_FAIL,43,3144885,108592,12.086532,18
JOB.PROJECT.RSCU.SPEC_AUTH.R001,project,,22,2400556,57950,8.257850,0
stage3_R1,standalone_test,,3,135380,15341,0.454852,0
stage3_R2,standalone_test,,3,135059,14262,0.441262,0
stage3_R3,standalone_test,,2,97019,13188,0.352294,0
